brand;name;model;part_number;your_net_price;suggested_retail_price;ean;size;width;pcd;et;colour;center_bore;stock;next_delivery;photo;photo1;photo2;photo3;photo4;photo5;link_3d;youtube_link;release_date;description;outlet_colour;production_method;max_load;cn_code;suggested_retail_price_sale
SIXNINE WHEELS;SIXNINE EVO-ONE 9x18 ET35 5x100/5x114,3 GlossyBlack;EVO-ONE;SNEVOONE189ET35100114-GlossyBlack;;349,99;;18”;9”;5x100, 5x114.3;35;GlossyBlack;73.1;99;;https://sixnine-wheels.com/cdn/shop/files/EVO-ONE_Black_Hero.png?v=1734101823&width=713;;;;;;;;;;;FlowForm;545;;
SIXNINE WHEELS;SIXNINE EVO-ONE 9x18 ET35 5x100/5x114,3 GunMetal;EVO-ONE;SNEVOONE189ET35100114-GunMetal;;349,99;;18”;9”;5x100, 5x114.3;35;GunMetal;73.1;99;;https://sixnine-wheels.com/cdn/shop/files/EVO-ONE_Gunmetal_Hero.png?v=1734101835&width=713;;;;;;;;;;;FlowForm;545;;
SIXNINE WHEELS;SIXNINE EVO-ONE 9x18 ET35 5x100/5x114,3 HyperSilver;EVO-ONE;SNEVOONE189ET35100114-HyperSilver;;349,99;;18”;9”;5x100, 5x114.3;35;HyperSilver;73.1;99;;https://sixnine-wheels.com/cdn/shop/files/EVO-ONE_Silver_Hero.png;;;;;;;;;;;FlowForm;545;;
SIXNINE WHEELS;SIXNINE EVO-ONE 9x18 ET35 5x100/5x114,3 PureWhite;EVO-ONE;SNEVOONE189ET35100114-PureWhite;;349,99;;18”;9”;5x100, 5x114.3;35;PureWhite;73.1;99;;https://sixnine-wheels.com/cdn/shop/files/EVO-ONE_White_Hero.png?v=1734101846&width=713;;;;;;;;;;;FlowForm;545;;
SIXNINE WHEELS;SIXNINE EVO-ONE 9x18 ET35 5x100/5x114,3 LiquidMetal;EVO-ONE;SNEVOONE189ET35100114-LiquidMetal;;474,99;;18”;9”;5x100, 5x114.3;35;LiquidMetal;73.1;99;;;;;;;;;;;;;FlowForm;545;;
SIXNINE WHEELS;SIXNINE EVO-ONE 8.5x19 ET35 5x112/5x120 GlossyBlack;EVO-ONE;SNEVOONE1985ET35112120-GlossyBlack;;469,99;;19”;8.5”;5x112, 5x120;35;GlossyBlack;72.6;99;;https://sixnine-wheels.com/cdn/shop/files/EVO-ONE_1985_GlossyBlack_Hero.png?width=3000;;;;;;;;;;;FlowForm;650;;
SIXNINE WHEELS;SIXNINE EVO-ONE 8.5x19 ET35 5x112/5x120 HyperSilver;EVO-ONE;SNEVOONE1985ET35112120-HyperSilver;;469,99;;19”;8.5”;5x112, 5x120;35;HyperSilver;72.6;99;;https://sixnine-wheels.com/cdn/shop/files/EVO-ONE_1985_HyperSilver_Hero.png?width=3000;;;;;;;;;;;FlowForm;650;;
SIXNINE WHEELS;SIXNINE EVO-ONE 8.5x19 ET35 5x112/5x120 PureWhite;EVO-ONE;SNEVOONE1985ET35112120-PureWhite;;469,99;;19”;8.5”;5x112, 5x120;35;PureWhite;72.6;99;;https://sixnine-wheels.com/cdn/shop/files/EVO-ONE_1985_PureWhite_Hero.png?width=3000;;;;;;;;;;;FlowForm;650;;
SIXNINE WHEELS;SIXNINE EVO-ONE 8.5x19 ET35 5x112/5x120 LiquidMetal;EVO-ONE;SNEVOONE1985ET35112120-LiquidMetal;;594,99;;19”;8.5”;5x112, 5x120;35;LiquidMetal;72.6;99;;https://sixnine-wheels.com/cdn/shop/files/EVO-ONE_1985_HyperShine_Hero.webp?width=3000;;;;;;;;;;;FlowForm;650;;
SIXNINE WHEELS;SIXNINE EVO-ONE 9x19 ET28 5x110/5x114,3 GlossyBlack;EVO-ONE;SNEVOONE199ET281101143-GlossyBlack;;489,99;;19”;9”;5x110, 5x114.3;28;GlossyBlack;73.1;99;;https://sixnine-wheels.com/cdn/shop/files/EVO-ONE_1990_GlossyBlack_Hero.png?width=3000;;;;;;;;;;;FlowForm;650;;
SIXNINE WHEELS;SIXNINE EVO-ONE 9x19 ET28 5x110/5x114,3 HyperSilver;EVO-ONE;SNEVOONE199ET281101143-HyperSilver;;489,99;;19”;9”;5x110, 5x114.3;28;HyperSilver;73.1;99;;https://sixnine-wheels.com/cdn/shop/files/EVO-ONE_1990_HyperSilver_Hero.png?width=3000;;;;;;;;;;;FlowForm;650;;
SIXNINE WHEELS;SIXNINE EVO-ONE 9x19 ET28 5x110/5x114,3 PureWhite;EVO-ONE;SNEVOONE199ET281101143-PureWhite;;489,99;;19”;9”;5x110, 5x114.3;28;PureWhite;73.1;99;;https://sixnine-wheels.com/cdn/shop/files/EVO-ONE_1990_PureWhite_Hero.png?width=3000;;;;;;;;;;;FlowForm;650;;
SIXNINE WHEELS;SIXNINE EVO-ONE 9x19 ET28 5x110/5x114,3 LiquidMetal;EVO-ONE;SNEVOONE199ET281101143-LiquidMetal;;614,99;;19”;9”;5x110, 5x114.3;28;LiquidMetal;73.1;99;;https://sixnine-wheels.com/cdn/shop/files/EVO-ONE_1990_HyperShine_Hero.webp?width=3000;;;;;;;;;;;FlowForm;650;;
SIXNINE WHEELS;SIXNINE EVO-ONE 9x19 ET28 5x112/5x120 GlossyBlack;EVO-ONE;SNEVOONE199ET28112120-GlossyBlack;;489,99;;19”;9”;5x112, 5x120;28;GlossyBlack;72.6;99;;https://sixnine-wheels.com/cdn/shop/files/EVO-ONE_1990_GlossyBlack_Hero.png?width=3000;;;;;;;;;;;FlowForm;650;;
SIXNINE WHEELS;SIXNINE EVO-ONE 9x19 ET28 5x112/5x120 HyperSilver;EVO-ONE;SNEVOONE199ET28112120-HyperSilver;;489,99;;19”;9”;5x112, 5x120;28;HyperSilver;72.6;99;;https://sixnine-wheels.com/cdn/shop/files/EVO-ONE_1990_HyperSilver_Hero.png?width=3000;;;;;;;;;;;FlowForm;650;;
SIXNINE WHEELS;SIXNINE EVO-ONE 9x19 ET28 5x112/5x120 PureWhite;EVO-ONE;SNEVOONE199ET28112120-PureWhite;;489,99;;19”;9”;5x112, 5x120;28;PureWhite;72.6;99;;https://sixnine-wheels.com/cdn/shop/files/EVO-ONE_1990_PureWhite_Hero.png?width=3000;;;;;;;;;;;FlowForm;650;;
SIXNINE WHEELS;SIXNINE EVO-ONE 9x19 ET28 5x112/5x120 LiquidMetal;EVO-ONE;SNEVOONE199ET28112120-LiquidMetal;;614,99;;19”;9”;5x112, 5x120;28;LiquidMetal;72.6;99;;https://sixnine-wheels.com/cdn/shop/files/EVO-ONE_1990_HyperShine_Hero.webp?width=3000;;;;;;;;;;;FlowForm;650;;
SIXNINE WHEELS;SIXNINE EVO-ONE 9x19 ET40 5x112/5x120 GlossyBlack;EVO-ONE;SNEVOONE199ET40112120-GlossyBlack;;489,99;;19”;9”;5x112, 5x120;40;GlossyBlack;72.6;99;;https://sixnine-wheels.com/cdn/shop/files/EVO-ONE_1990_GlossyBlack_Hero.png?width=3000;;;;;;;;;;;FlowForm;650;;
SIXNINE WHEELS;SIXNINE EVO-ONE 9x19 ET40 5x112/5x120 HyperSilver;EVO-ONE;SNEVOONE199ET40112120-HyperSilver;;489,99;;19”;9”;5x112, 5x120;40;HyperSilver;72.6;99;;https://sixnine-wheels.com/cdn/shop/files/EVO-ONE_1990_HyperSilver_Hero.png?width=3000;;;;;;;;;;;FlowForm;650;;
SIXNINE WHEELS;SIXNINE EVO-ONE 9x19 ET40 5x112/5x120 PureWhite;EVO-ONE;SNEVOONE199ET40112120-PureWhite;;489,99;;19”;9”;5x112, 5x120;40;PureWhite;72.6;99;;https://sixnine-wheels.com/cdn/shop/files/EVO-ONE_1990_PureWhite_Hero.png?width=3000;;;;;;;;;;;FlowForm;650;;
SIXNINE WHEELS;SIXNINE EVO-ONE 9x19 ET40 5x112/5x120 LiquidMetal;EVO-ONE;SNEVOONE199ET40112120-LiquidMetal;;614,99;;19”;9”;5x112, 5x120;40;LiquidMetal;72.6;99;;https://sixnine-wheels.com/cdn/shop/files/EVO-ONE_1990_HyperShine_Hero.webp?width=3000;;;;;;;;;;;FlowForm;650;;
SIXNINE WHEELS;SIXNINE EVO-ONE 9.5x19 ET20 5x112/5x120 GlossyBlack;EVO-ONE;SNEVOONE1995ET20112120-GlossyBlack;;509,99;;19”;9.5”;5x112, 5x120;20;GlossyBlack;72.6;99;;https://sixnine-wheels.com/cdn/shop/files/EVO-ONE_1995_GlossyBlack_Hero.png?width=3000;;;;;;;;;;;FlowForm;650;;
SIXNINE WHEELS;SIXNINE EVO-ONE 9.5x19 ET20 5x112/5x120 HyperSilver;EVO-ONE;SNEVOONE1995ET20112120-HyperSilver;;509,99;;19”;9.5”;5x112, 5x120;20;HyperSilver;72.6;99;;https://sixnine-wheels.com/cdn/shop/files/EVO-ONE_1995_HyperSilver_Hero.png?width=3000;;;;;;;;;;;FlowForm;650;;
SIXNINE WHEELS;SIXNINE EVO-ONE 9.5x19 ET20 5x112/5x120 PureWhite;EVO-ONE;SNEVOONE1995ET20112120-PureWhite;;509,99;;19”;9.5”;5x112, 5x120;20;PureWhite;72.6;99;;https://sixnine-wheels.com/cdn/shop/files/EVO-ONE_1995_PureWhite_Hero.png?width=3000;;;;;;;;;;;FlowForm;650;;
SIXNINE WHEELS;SIXNINE EVO-ONE 9.5x19 ET20 5x112/5x120 LiquidMetal;EVO-ONE;SNEVOONE1995ET20112120-LiquidMetal;;634,99;;19”;9.5”;5x112, 5x120;20;LiquidMetal;72.6;99;;https://sixnine-wheels.com/cdn/shop/files/EVO-ONE_1995_HyperShine_Hero.webp?width=3000;;;;;;;;;;;FlowForm;650;;
SIXNINE WHEELS;SIXNINE EVO-ONE 10x19 ET40 5x110/5x114,3 GlossyBlack;EVO-ONE;SNEVOONE1910ET401101143-GlossyBlack;;529,99;;19”;10”;5x110, 5x114.3;40;GlossyBlack;73.1;99;;https://sixnine-wheels.com/cdn/shop/files/EVO-ONE_1910_GlossyBlack_Hero.png?width=3000;;;;;;;;;;;FlowForm;690;;
SIXNINE WHEELS;SIXNINE EVO-ONE 10x19 ET40 5x110/5x114,3 HyperSilver;EVO-ONE;SNEVOONE1910ET401101143-HyperSilver;;529,99;;19”;10”;5x110, 5x114.3;40;HyperSilver;73.1;99;;https://sixnine-wheels.com/cdn/shop/files/EVO-ONE_1910_HyperSilver_Hero.png?width=3000;;;;;;;;;;;FlowForm;690;;
SIXNINE WHEELS;SIXNINE EVO-ONE 10x19 ET40 5x110/5x114,3 PureWhite;EVO-ONE;SNEVOONE1910ET401101143-PureWhite;;529,99;;19”;10”;5x110, 5x114.3;40;PureWhite;73.1;99;;https://sixnine-wheels.com/cdn/shop/files/EVO-ONE_1910_PureWhite_Hero.png?width=3000;;;;;;;;;;;FlowForm;690;;
SIXNINE WHEELS;SIXNINE EVO-ONE 10x19 ET40 5x110/5x114,3 LiquidMetal;EVO-ONE;SNEVOONE1910ET401101143-LiquidMetal;;654,99;;19”;10”;5x110, 5x114.3;40;LiquidMetal;73.1;99;;https://sixnine-wheels.com/cdn/shop/files/EVO-ONE_1910_HyperShine_Hero.webp?width=3000;;;;;;;;;;;FlowForm;690;;
SIXNINE WHEELS;SIXNINE EVO-ONE 10x19 ET40 5x112/5x120 GlossyBlack;EVO-ONE;SNEVOONE1910ET40112120-GlossyBlack;;529,99;;19”;10”;5x112, 5x120;40;GlossyBlack;72.6;99;;https://sixnine-wheels.com/cdn/shop/files/EVO-ONE_1910_GlossyBlack_Hero.png?width=3000;;;;;;;;;;;FlowForm;690;;
SIXNINE WHEELS;SIXNINE EVO-ONE 10x19 ET40 5x112/5x120 HyperSilver;EVO-ONE;SNEVOONE1910ET40112120-HyperSilver;;529,99;;19”;10”;5x112, 5x120;40;HyperSilver;72.6;99;;https://sixnine-wheels.com/cdn/shop/files/EVO-ONE_1910_HyperSilver_Hero.png?width=3000;;;;;;;;;;;FlowForm;690;;
SIXNINE WHEELS;SIXNINE EVO-ONE 10x19 ET40 5x112/5x120 PureWhite;EVO-ONE;SNEVOONE1910ET40112120-PureWhite;;529,99;;19”;10”;5x112, 5x120;40;PureWhite;72.6;99;;https://sixnine-wheels.com/cdn/shop/files/EVO-ONE_1910_PureWhite_Hero.png?width=3000;;;;;;;;;;;FlowForm;690;;
SIXNINE WHEELS;SIXNINE EVO-ONE 10x19 ET40 5x112/5x120 LiquidMetal;EVO-ONE;SNEVOONE1910ET40112120-LiquidMetal;;654,99;;19”;10”;5x112, 5x120;40;LiquidMetal;72.6;99;;https://sixnine-wheels.com/cdn/shop/files/EVO-ONE_1910_HyperShine_Hero.webp?width=3000;;;;;;;;;;;FlowForm;690;;
SIXNINE WHEELS;SIXNINE EVO-ONE 11x19 ET32 5x112/5x120 GlossyBlack;EVO-ONE;SNEVOONE1911ET32112120-GlossyBlack;;569,99;;19”;11”;5x112, 5x120;32;GlossyBlack;72.6;99;;https://sixnine-wheels.com/cdn/shop/files/EVO-ONE_1911_GlossyBlack_Hero.png?width=3000;;;;;;;;;;;FlowForm;650;;
SIXNINE WHEELS;SIXNINE EVO-ONE 11x19 ET32 5x112/5x120 HyperSilver;EVO-ONE;SNEVOONE1911ET32112120-HyperSilver;;569,99;;19”;11”;5x112, 5x120;32;HyperSilver;72.6;99;;https://sixnine-wheels.com/cdn/shop/files/EVO-ONE_1911_HyperSilver_Hero.png?width=3000;;;;;;;;;;;FlowForm;650;;
SIXNINE WHEELS;SIXNINE EVO-ONE 11x19 ET32 5x112/5x120 PureWhite;EVO-ONE;SNEVOONE1911ET32112120-PureWhite;;569,99;;19”;11”;5x112, 5x120;32;PureWhite;72.6;99;;https://sixnine-wheels.com/cdn/shop/files/EVO-ONE_1911_PureWhite_Hero.png?width=3000;;;;;;;;;;;FlowForm;650;;
SIXNINE WHEELS;SIXNINE EVO-ONE 11x19 ET32 5x112/5x120 LiquidMetal;EVO-ONE;SNEVOONE1911ET32112120-LiquidMetal;;694,99;;19”;11”;5x112, 5x120;32;LiquidMetal;72.6;99;;https://sixnine-wheels.com/cdn/shop/files/EVO-ONE_1911_HyperShine_Hero.webp?width=3000;;;;;;;;;;;FlowForm;650;;
SIXNINE WHEELS;SIXNINE EVO-ONE 10.5x20 ET15 5x112/5x114,3 GlossyBlack;EVO-ONE;SNEVOONE20105ET151121143-GlossyBlack;;649,99;;20”;10.5”;5x112, 5x114.3;15;GlossyBlack;73.1;99;;https://sixnine-wheels.com/cdn/shop/files/EVO-ONE_20105_GlossyBlack_Hero.png?width=3000;;;;;;;;;;;FlowForm;650;;
SIXNINE WHEELS;SIXNINE EVO-ONE 10.5x20 ET15 5x112/5x114,3 HyperSilver;EVO-ONE;SNEVOONE20105ET151121143-HyperSilver;;649,99;;20”;10.5”;5x112, 5x114.3;15;HyperSilver;73.1;99;;https://sixnine-wheels.com/cdn/shop/files/EVO-ONE_20105_HyperSilver_Hero.png?width=3000;;;;;;;;;;;FlowForm;650;;
SIXNINE WHEELS;SIXNINE EVO-ONE 10.5x20 ET15 5x112/5x114,3 PureWhite;EVO-ONE;SNEVOONE20105ET151121143-PureWhite;;649,99;;20”;10.5”;5x112, 5x114.3;15;PureWhite;73.1;99;;https://sixnine-wheels.com/cdn/shop/files/EVO-ONE_20105_PureWhite_Hero.png?width=3000;;;;;;;;;;;FlowForm;650;;
SIXNINE WHEELS;SIXNINE EVO-ONE 10.5x20 ET15 5x112/5x114,3 LiquidMetal;EVO-ONE;SNEVOONE20105ET151121143-LiquidMetal;;774,99;;20”;10.5”;5x112, 5x114.3;15;LiquidMetal;73.1;99;;https://sixnine-wheels.com/cdn/shop/files/EVO-ONE_20105_HyperShine_Hero.webp?width=3000;;;;;;;;;;;FlowForm;650;;
SIXNINE WHEELS;SIXNINE EVO-ONE 11x20 ET12 5x112/5x114,3 GlossyBlack;EVO-ONE;SNEVOONE2011ET121121143-GlossyBlack;;699,99;;20”;11”;5x112, 5x114.3;12;GlossyBlack;73.1;99;;https://sixnine-wheels.com/cdn/shop/files/EVO-ONE_2011_GlossyBlack_Hero.png?width=3000;;;;;;;;;;;FlowForm;650;;
SIXNINE WHEELS;SIXNINE EVO-ONE 11x20 ET12 5x112/5x114,3 HyperSilver;EVO-ONE;SNEVOONE2011ET121121143-HyperSilver;;699,99;;20”;11”;5x112, 5x114.3;12;HyperSilver;73.1;99;;https://sixnine-wheels.com/cdn/shop/files/EVO-ONE_2011_HyperSilver_Hero.png?width=3000;;;;;;;;;;;FlowForm;650;;
SIXNINE WHEELS;SIXNINE EVO-ONE 11x20 ET12 5x112/5x114,3 PureWhite;EVO-ONE;SNEVOONE2011ET121121143-PureWhite;;699,99;;20”;11”;5x112, 5x114.3;12;PureWhite;73.1;99;;https://sixnine-wheels.com/cdn/shop/files/EVO-ONE_2011_PureWhite_Hero.png?width=3000;;;;;;;;;;;FlowForm;650;;
SIXNINE WHEELS;SIXNINE EVO-ONE 11x20 ET12 5x112/5x114,3 LiquidMetal;EVO-ONE;SNEVOONE2011ET121121143-LiquidMetal;;824,99;;20”;11”;5x112, 5x114.3;12;LiquidMetal;73.1;99;;https://sixnine-wheels.com/cdn/shop/files/EVO-ONE_2011_HyperShine_Hero.webp?width=3000;;;;;;;;;;;FlowForm;650;;
SIXNINE WHEELS;SIXNINE FF-ONE 8.5x19 ET45 5x112 GlossyBlack;FF-ONE;SNFFONE8519ET455112-GlossyBlack;;479,99;;19”;8.5”;5x112;45;GlossyBlack;66.6;99;;https://sixnine-wheels.com/cdn/shop/files/FF-ONE-985-Black-Hero.png?v=1739091077&width=713;;;;;;;;;;;FlowForm;650;;
SIXNINE WHEELS;SIXNINE FF-ONE 8.5x19 ET45 5x112 HyperSilver;FF-ONE;SNFFONE8519ET455112-HyperSilver;;479,99;;19”;8.5”;5x112;45;HyperSilver;66.6;99;;https://sixnine-wheels.com/cdn/shop/files/FF-ONE-985-Silver-Hero.png?v=1739091077&width=713;;;;;;;;;;;FlowForm;650;;
SIXNINE WHEELS;SIXNINE FF-ONE 8.5x19 ET45 5x112 LiquidMetal;FF-ONE;SNFFONE8519ET455112-LiquidMetal;;604,99;;19”;8.5”;5x112;45;LiquidMetal;66.6;99;;;;;;;;;;;;;FlowForm;650;;
SIXNINE WHEELS;SIXNINE FF-ONE 8.5x19 ET45 5x114.3 GlossyBlack;FF-ONE;SNFFONE8519ET4551143-GlossyBlack;;479,99;;19”;8.5”;5x114.3;45;GlossyBlack;67.1;99;;https://sixnine-wheels.com/cdn/shop/files/FF-ONE-985-Black-Hero.png?v=1739091077&width=713;;;;;;;;;;;FlowForm;650;;
SIXNINE WHEELS;SIXNINE FF-ONE 8.5x19 ET45 5x114.3 HyperSilver;FF-ONE;SNFFONE8519ET4551143-HyperSilver;;479,99;;19”;8.5”;5x114.3;45;HyperSilver;67.1;99;;https://sixnine-wheels.com/cdn/shop/files/FF-ONE-985-Silver-Hero.png?v=1739091077&width=713;;;;;;;;;;;FlowForm;650;;
SIXNINE WHEELS;SIXNINE FF-ONE 8.5x19 ET45 5x114.3 LiquidMetal;FF-ONE;SNFFONE8519ET4551143-LiquidMetal;;604,99;;19”;8.5”;5x114.3;45;LiquidMetal;67.1;99;;;;;;;;;;;;;FlowForm;650;;
SIXNINE WHEELS;SIXNINE FF-ONE 8.5x20 ET28 5x112 GlossyBlack;FF-ONE;SNFFONE8520ET285112-GlossyBlack;;549,99;;20”;8.5”;5x112;28;GlossyBlack;66.6;99;;https://sixnine-wheels.com/cdn/shop/files/FF-ONE-2085-Black-Hero.png?v=1739091061&width=713;;;;;;;;;;;FlowForm;650;;
SIXNINE WHEELS;SIXNINE FF-ONE 8.5x20 ET28 DC 5x112 GlossyBlack;FF-ONE;SNFFONE8520ET28DC5112-GlossyBlack;;549,99;;20”;8.5”;5x112;28;GlossyBlack;66.6;99;;https://sixnine-wheels.com/cdn/shop/files/FF-ONE-2085-Black-Hero.png?v=1739091061&width=713;;;;;;;;;;;FlowForm;865;;
SIXNINE WHEELS;SIXNINE FF-ONE 8.5x20 ET28 5x112 HyperSilver;FF-ONE;SNFFONE8520ET285112-HyperSilver;;549,99;;20”;8.5”;5x112;28;HyperSilver;66.6;99;;https://sixnine-wheels.com/cdn/shop/files/FF-ONE-2085-Silver-Hero.png?v=1739091061&width=713;;;;;;;;;;;FlowForm;650;;
SIXNINE WHEELS;SIXNINE FF-ONE 8.5x20 ET28 DC 5x112 HyperSilver;FF-ONE;SNFFONE8520ET28DC5112-HyperSilver;;549,99;;20”;8.5”;5x112;28;HyperSilver;66.6;99;;https://sixnine-wheels.com/cdn/shop/files/FF-ONE-2085-Silver-Hero.png?v=1739091061&width=713;;;;;;;;;;;FlowForm;865;;
SIXNINE WHEELS;SIXNINE FF-ONE 8.5x20 ET28 5x112 LiquidMetal;FF-ONE;SNFFONE8520ET285112-LiquidMetal;;674,99;;20”;8.5”;5x112;28;LiquidMetal;66.6;99;;;;;;;;;;;;;FlowForm;650;;
SIXNINE WHEELS;SIXNINE FF-ONE 8.5x20 ET28 DC 5x112 LiquidMetal;FF-ONE;SNFFONE8520ET28DC5112-LiquidMetal;;674,99;;20”;8.5”;5x112;28;LiquidMetal;66.6;99;;;;;;;;;;;;;FlowForm;865;;
SIXNINE WHEELS;SIXNINE FF-ONE 8.5x20 ET45 5x112 GlossyBlack;FF-ONE;SNFFONE8520ET455112-GlossyBlack;;549,99;;20”;8.5”;5x112;45;GlossyBlack;66.6;99;;https://sixnine-wheels.com/cdn/shop/files/FF-ONE-2085-Black-Hero.png?v=1739091061&width=713;;;;;;;;;;;FlowForm;650;;
SIXNINE WHEELS;SIXNINE FF-ONE 8.5x20 ET45 5x112 HyperSilver;FF-ONE;SNFFONE8520ET455112-HyperSilver;;549,99;;20”;8.5”;5x112;45;HyperSilver;66.6;99;;https://sixnine-wheels.com/cdn/shop/files/FF-ONE-2085-Silver-Hero.png?v=1739091061&width=713;;;;;;;;;;;FlowForm;650;;
SIXNINE WHEELS;SIXNINE FF-ONE 8.5x20 ET45 5x112 LiquidMetal;FF-ONE;SNFFONE8520ET455112-LiquidMetal;;674,99;;20”;8.5”;5x112;45;LiquidMetal;66.6;99;;;;;;;;;;;;;FlowForm;650;;
SIXNINE WHEELS;SIXNINE FF-ONE 8.5x20 ET35 5x120 GlossyBlack;FF-ONE;SNFFONE8520ET355120-GlossyBlack;;549,99;;20”;8.5”;5x120;35;GlossyBlack;72.6;99;;https://sixnine-wheels.com/cdn/shop/files/FF-ONE-2085-Black-Hero.png?v=1739091061&width=713;;;;;;;;;;;FlowForm;865;;
SIXNINE WHEELS;SIXNINE FF-ONE 8.5x20 ET35 5x120 HyperSilver;FF-ONE;SNFFONE8520ET355120-HyperSilver;;549,99;;20”;8.5”;5x120;35;HyperSilver;72.6;99;;https://sixnine-wheels.com/cdn/shop/files/FF-ONE-2085-Silver-Hero.png?v=1739091061&width=713;;;;;;;;;;;FlowForm;865;;
SIXNINE WHEELS;SIXNINE FF-ONE 8.5x20 ET35 5x120 LiquidMetal;FF-ONE;SNFFONE8520ET355120-LiquidMetal;;674,99;;20”;8.5”;5x120;35;LiquidMetal;72.6;99;;;;;;;;;;;;;FlowForm;865;;
SIXNINE WHEELS;SIXNINE FF-ONE 9x20 ET30 5x114.3 GlossyBlack;FF-ONE;SNFFONE920ET3051143-GlossyBlack;;569,99;;20”;9”;5x114.3;30;GlossyBlack;73.1;99;;https://sixnine-wheels.com/cdn/shop/files/FF-ONE-2090-Black-Hero.png?v=1739091044&width=713;;;;;;;;;;;FlowForm;865;;
SIXNINE WHEELS;SIXNINE FF-ONE 9x20 ET30 5x114.3 HyperSilver;FF-ONE;SNFFONE920ET3051143-HyperSilver;;569,99;;20”;9”;5x114.3;30;HyperSilver;73.1;99;;https://sixnine-wheels.com/cdn/shop/files/FF-ONE-2090-Silver-Hero.png?v=1739091044&width=713;;;;;;;;;;;FlowForm;865;;
SIXNINE WHEELS;SIXNINE FF-ONE 9x20 ET30 5x114.3 LiquidMetal;FF-ONE;SNFFONE920ET3051143-LiquidMetal;;694,99;;20”;9”;5x114.3;30;LiquidMetal;73.1;99;;;;;;;;;;;;;FlowForm;865;;
SIXNINE WHEELS;SIXNINE FF-ONE 9x20 ET42 5x120 GlossyBlack;FF-ONE;SNFFONE920ET425120-GlossyBlack;;569,99;;20”;9”;5x120;42;GlossyBlack;72.6;99;;https://sixnine-wheels.com/cdn/shop/files/FF-ONE-2090-Black-Hero.png?v=1739091044&width=713;;;;;;;;;;;FlowForm;865;;
SIXNINE WHEELS;SIXNINE FF-ONE 9x20 ET42 5x120 HyperSilver;FF-ONE;SNFFONE920ET425120-HyperSilver;;569,99;;20”;9”;5x120;42;HyperSilver;72.6;99;;https://sixnine-wheels.com/cdn/shop/files/FF-ONE-2090-Silver-Hero.png?v=1739091044&width=713;;;;;;;;;;;FlowForm;865;;
SIXNINE WHEELS;SIXNINE FF-ONE 9x20 ET42 5x120 LiquidMetal;FF-ONE;SNFFONE920ET425120-LiquidMetal;;694,99;;20”;9”;5x120;42;LiquidMetal;72.6;99;;;;;;;;;;;;;FlowForm;865;;
SIXNINE WHEELS;SIXNINE FF-ONE 9.5x20 ET20 5x120 GlossyBlack;FF-ONE;SNFFONE9520ET205120-GlossyBlack;;599,99;;20”;9.5”;5x120;20;GlossyBlack;72.6;99;;https://sixnine-wheels.com/cdn/shop/files/FF-ONE-2095B-Black-Hero.png?v=1739091019&width=713;;;;;;;;;;;FlowForm;815;;
SIXNINE WHEELS;SIXNINE FF-ONE 9.5x20 ET20 5x120 HyperSilver;FF-ONE;SNFFONE9520ET205120-HyperSilver;;599,99;;20”;9.5”;5x120;20;HyperSilver;72.6;99;;https://sixnine-wheels.com/cdn/shop/files/FF-ONE-2095B-Silver-Hero.png?v=1739091019&width=713;;;;;;;;;;;FlowForm;815;;
SIXNINE WHEELS;SIXNINE FF-ONE 9.5x20 ET20 5x120 LiquidMetal;FF-ONE;SNFFONE9520ET205120-LiquidMetal;;724,99;;20”;9.5”;5x120;20;LiquidMetal;72.6;99;;;;;;;;;;;;;FlowForm;815;;
SIXNINE WHEELS;SIXNINE FF-ONE 10x20 ET33 5x112 GlossyBlack;FF-ONE;SNFFONE2010ET335112-GlossyBlack;;629,99;;20”;10”;5x112;33;GlossyBlack;66.6;99;;https://sixnine-wheels.com/cdn/shop/files/FF-ONE-2010-Black-Hero.png?v=1739090844&width=713;;;;;;;;;;;FlowForm;780;;
SIXNINE WHEELS;SIXNINE FF-ONE 10x20 ET33 5x112 HyperSilver;FF-ONE;SNFFONE2010ET335112-HyperSilver;;629,99;;20”;10”;5x112;33;HyperSilver;66.6;99;;https://sixnine-wheels.com/cdn/shop/files/FF-ONE-2010-Silver-Hero.png?v=1739090844&width=713;;;;;;;;;;;FlowForm;780;;
SIXNINE WHEELS;SIXNINE FF-ONE 10x20 ET33 5x112 LiquidMetal;FF-ONE;SNFFONE2010ET335112-LiquidMetal;;754,99;;20”;10”;5x112;33;LiquidMetal;66.6;99;;;;;;;;;;;;;FlowForm;780;;
SIXNINE WHEELS;SIXNINE FF-ONE 10x20 ET40 UC 5x112 GlossyBlack;FF-ONE;SNFFONE2010ET405112-GlossyBlack;;629,99;;20”;10”;5x112;40;GlossyBlack;66.6;99;;https://sixnine-wheels.com/cdn/shop/files/FF-ONE-2010B-Black-Hero.png?v=1739090886&width=713;;;;;;;;;;;FlowForm;865;;
SIXNINE WHEELS;SIXNINE FF-ONE 10x20 ET40 UC 5x112 HyperSilver;FF-ONE;SNFFONE2010ET405112-HyperSilver;;629,99;;20”;10”;5x112;40;HyperSilver;66.6;99;;https://sixnine-wheels.com/cdn/shop/files/FF-ONE-2010B-Silver-Hero.png?v=1739090886&width=713;;;;;;;;;;;FlowForm;865;;
SIXNINE WHEELS;SIXNINE FF-ONE 10x20 ET40 UC 5x112 LiquidMetal;FF-ONE;SNFFONE2010ET405112-LiquidMetal;;754,99;;20”;10”;5x112;40;LiquidMetal;66.6;99;;;;;;;;;;;;;FlowForm;865;;
SIXNINE WHEELS;SIXNINE FF-ONE 10x20 ET45 5x112 GlossyBlack;FF-ONE;SNFFONE2010ET455112-GlossyBlack;;629,99;;20”;10”;5x112;45;GlossyBlack;66.6;99;;https://sixnine-wheels.com/cdn/shop/files/FF-ONE-2010-Black-Hero.png?v=1739090844&width=713;;;;;;;;;;;FlowForm;780;;
SIXNINE WHEELS;SIXNINE FF-ONE 10x20 ET45 5x112 HyperSilver;FF-ONE;SNFFONE2010ET455112-HyperSilver;;629,99;;20”;10”;5x112;45;HyperSilver;66.6;99;;https://sixnine-wheels.com/cdn/shop/files/FF-ONE-2010-Silver-Hero.png?v=1739090844&width=713;;;;;;;;;;;FlowForm;780;;
SIXNINE WHEELS;SIXNINE FF-ONE 10x20 ET45 5x112 LiquidMetal;FF-ONE;SNFFONE2010ET455112-LiquidMetal;;754,99;;20”;10”;5x112;45;LiquidMetal;66.6;99;;;;;;;;;;;;;FlowForm;780;;
SIXNINE WHEELS;SIXNINE FF-ONE 10x20 ET40 UC 5x120 GlossyBlack;FF-ONE;SNFFONE2010ET405120-GlossyBlack;;629,99;;20”;10”;5x120;40;GlossyBlack;72.6;99;;https://sixnine-wheels.com/cdn/shop/files/FF-ONE-2010B-Black-Hero.png?v=1739090886&width=713;;;;;;;;;;;FlowForm;865;;
SIXNINE WHEELS;SIXNINE FF-ONE 10x20 ET40 UC 5x120 HyperSilver;FF-ONE;SNFFONE2010ET405120-HyperSilver;;629,99;;20”;10”;5x120;40;HyperSilver;72.6;99;;https://sixnine-wheels.com/cdn/shop/files/FF-ONE-2010B-Silver-Hero.png?v=1739090886&width=713;;;;;;;;;;;FlowForm;865;;
SIXNINE WHEELS;SIXNINE FF-ONE 10x20 ET40 UC 5x120 LiquidMetal;FF-ONE;SNFFONE2010ET405120-LiquidMetal;;754,99;;20”;10”;5x120;40;LiquidMetal;72.6;99;;;;;;;;;;;;;FlowForm;865;;
SIXNINE WHEELS;SIXNINE FF-ONE 10.5x20 ET15 5x112 GlossyBlack;FF-ONE;SNFFONE10520ET155112-GlossyBlack;;699,99;;20”;10.5”;5x112;15;GlossyBlack;66.6;99;;https://sixnine-wheels.com/cdn/shop/files/FF-ONE-20105-Black-Hero.png?v=1739090961&width=713;;;;;;;;;;;FlowForm;650;;
SIXNINE WHEELS;SIXNINE FF-ONE 10.5x20 ET15 5x112 HyperSilver;FF-ONE;SNFFONE10520ET155112-HyperSilver;;699,99;;20”;10.5”;5x112;15;HyperSilver;66.6;99;;https://sixnine-wheels.com/cdn/shop/files/FF-ONE-20105-Silver-Hero.png?v=1739090961&width=713;;;;;;;;;;;FlowForm;650;;
SIXNINE WHEELS;SIXNINE FF-ONE 10.5x20 ET15 5x112 LiquidMetal;FF-ONE;SNFFONE10520ET155112-LiquidMetal;;824,99;;20”;10.5”;5x112;15;LiquidMetal;66.6;99;;;;;;;;;;;;;FlowForm;650;;
SIXNINE WHEELS;SIXNINE FF-ONE 10.5x20 ET35 5x120 GlossyBlack;FF-ONE;SNFFONE10520ET355120-GlossyBlack;;669,99;;20”;10.5”;5x120;35;GlossyBlack;72.6;99;;https://sixnine-wheels.com/cdn/shop/files/FF-ONE-20105B-Black-Hero.png?v=1739091009&width=713;;;;;;;;;;;FlowForm;815;;
SIXNINE WHEELS;SIXNINE FF-ONE 10.5x20 ET35 5x120 HyperSilver;FF-ONE;SNFFONE10520ET355120-HyperSilver;;669,99;;20”;10.5”;5x120;35;HyperSilver;72.6;99;;https://sixnine-wheels.com/cdn/shop/files/FF-ONE-20105B-Silver-Hero.png?v=1739091009&width=713;;;;;;;;;;;FlowForm;815;;
SIXNINE WHEELS;SIXNINE FF-ONE 10.5x20 ET35 5x120 LiquidMetal;FF-ONE;SNFFONE10520ET355120-LiquidMetal;;794,99;;20”;10.5”;5x120;35;LiquidMetal;72.6;99;;;;;;;;;;;;;FlowForm;815;;
SIXNINE WHEELS;SIXNINE FF-ONE 9x21 ET24 5x112 GlossyBlack;FF-ONE;SNFFONE921ET245112-GlossyBlack;;669,99;;21”;9”;5x112;24;GlossyBlack;66.6;99;;https://sixnine-wheels.com/cdn/shop/files/FF-ONE-2190-Black-Hero.png?v=1739090998&width=713;;;;;;;;;;;FlowForm;850;;
SIXNINE WHEELS;SIXNINE FF-ONE 9x21 ET24 5x112 HyperSilver;FF-ONE;SNFFONE921ET245112-HyperSilver;;669,99;;21”;9”;5x112;24;HyperSilver;66.6;99;;https://sixnine-wheels.com/cdn/shop/files/FF-ONE-2190-Silver-Hero.png?v=1739090998&width=713;;;;;;;;;;;FlowForm;850;;
SIXNINE WHEELS;SIXNINE FF-ONE 9x21 ET24 5x112 LiquidMetal;FF-ONE;SNFFONE921ET245112-LiquidMetal;;794,99;;21”;9”;5x112;24;LiquidMetal;66.6;99;;;;;;;;;;;;;FlowForm;850;;
SIXNINE WHEELS;SIXNINE FF-ONE 10x21 ET35 5x112 GlossyBlack;FF-ONE;SNFFONE1021ET355112-GlossyBlack;;699,99;;21”;10”;5x112;35;GlossyBlack;66.6;99;;https://sixnine-wheels.com/cdn/shop/files/FF-ONE-2110-Black-Hero.png?v=1739090990&width=713;;;;;;;;;;;FlowForm;850;;
SIXNINE WHEELS;SIXNINE FF-ONE 10x21 ET35 5x112 HyperSilver;FF-ONE;SNFFONE1021ET355112-HyperSilver;;699,99;;21”;10”;5x112;35;HyperSilver;66.6;99;;https://sixnine-wheels.com/cdn/shop/files/FF-ONE-2110-Silver-Hero.png?v=1739090990&width=713;;;;;;;;;;;FlowForm;850;;
SIXNINE WHEELS;SIXNINE FF-ONE 10x21 ET35 5x112 LiquidMetal;FF-ONE;SNFFONE1021ET355112-LiquidMetal;;824,99;;21”;10”;5x112;35;LiquidMetal;66.6;99;;;;;;;;;;;;;FlowForm;850;;
SIXNINE WHEELS;SIXNINE FF-ONE 10x21 ET37 5x114.3 GlossyBlack;FF-ONE;SNFFONE1021ET3751143-GlossyBlack;;699,99;;21”;10”;5x114.3;37;GlossyBlack;73.1;99;;https://sixnine-wheels.com/cdn/shop/files/FF-ONE-2110-Black-Hero.png?v=1739090990&width=713;;;;;;;;;;;FlowForm;850;;
SIXNINE WHEELS;SIXNINE FF-ONE 10x21 ET37 5x114.3 HyperSilver;FF-ONE;SNFFONE1021ET3751143-HyperSilver;;699,99;;21”;10”;5x114.3;37;HyperSilver;73.1;99;;https://sixnine-wheels.com/cdn/shop/files/FF-ONE-2110-Silver-Hero.png?v=1739090990&width=713;;;;;;;;;;;FlowForm;850;;
SIXNINE WHEELS;SIXNINE FF-ONE 10x21 ET37 5x114.3 LiquidMetal;FF-ONE;SNFFONE1021ET3751143-LiquidMetal;;824,99;;21”;10”;5x114.3;37;LiquidMetal;73.1;99;;;;;;;;;;;;;FlowForm;850;;
SIXNINE WHEELS;SIXNINE FF-ONE 10.5x21 ET20 5x112 GlossyBlack;FF-ONE;SNFFONE10521ET205112-GlossyBlack;;749,99;;21”;10.5”;5x112;20;GlossyBlack;66.6;99;;https://sixnine-wheels.com/cdn/shop/files/FF-ONE-21105-Black-Hero.png?v=1739090969&width=713;;;;;;;;;;;FlowForm;850;;
SIXNINE WHEELS;SIXNINE FF-ONE 10.5x21 ET20 5x112 HyperSilver;FF-ONE;SNFFONE10521ET205112-HyperSilver;;749,99;;21”;10.5”;5x112;20;HyperSilver;66.6;99;;https://sixnine-wheels.com/cdn/shop/files/FF-ONE-21105-Silver-Hero.png?v=1739090969&width=713;;;;;;;;;;;FlowForm;850;;
SIXNINE WHEELS;SIXNINE FF-ONE 10.5x21 ET20 5x112 LiquidMetal;FF-ONE;SNFFONE10521ET205112-LiquidMetal;;874,99;;21”;10.5”;5x112;20;LiquidMetal;66.6;99;;;;;;;;;;;;;FlowForm;850;;
SIXNINE WHEELS;SIXNINE FF-ONE 11.5x21 ET17 5x112 GlossyBlack;FF-ONE;SNFFONE21115ET175112-GlossyBlack;;799,99;;21”;11.5”;5x112;17;GlossyBlack;66.6;99;;https://sixnine-wheels.com/cdn/shop/files/FF-ONE-21115-Black-Hero.png?v=1739090952&width=713;;;;;;;;;;;FlowForm;650;;
SIXNINE WHEELS;SIXNINE FF-ONE 11.5x21 ET17 5x112 HyperSilver;FF-ONE;SNFFONE21115ET175112-HyperSilver;;799,99;;21”;11.5”;5x112;17;HyperSilver;66.6;99;;https://sixnine-wheels.com/cdn/shop/files/FF-ONE-21115-Silver-Hero.png?v=1739090952&width=713;;;;;;;;;;;FlowForm;650;;
SIXNINE WHEELS;SIXNINE FF-ONE 11.5x21 ET17 5x112 LiquidMetal;FF-ONE;SNFFONE21115ET175112-LiquidMetal;;924,99;;21”;11.5”;5x112;17;LiquidMetal;66.6;99;;;;;;;;;;;;;FlowForm;650;;
SIXNINE WHEELS;SIXNINE FF-ONE 11x22 ET13 5x112 GlossyBlack;FF-ONE;SNFFONE2211ET155112-GlossyBlack;;899,99;;22”;11”;5x112;13;GlossyBlack;66.6;99;;https://sixnine-wheels.com/cdn/shop/files/FF-ONE-2211-Black-Hero.png?v=1739090944&width=713;;;;;;;;;;;FlowForm;910;;
SIXNINE WHEELS;SIXNINE FF-ONE 11x22 ET13 5x112 HyperSilver;FF-ONE;SNFFONE2211ET155112-HyperSilver;;899,99;;22”;11”;5x112;13;HyperSilver;66.6;99;;https://sixnine-wheels.com/cdn/shop/files/FF-ONE-2211-Silver-Hero.png?v=1739090944&width=713;;;;;;;;;;;FlowForm;910;;
SIXNINE WHEELS;SIXNINE FF-ONE 11x22 ET13 5x112 LiquidMetal;FF-ONE;SNFFONE2211ET155112-LiquidMetal;;1024,99;;22”;11”;5x112;13;LiquidMetal;66.6;99;;;;;;;;;;;;;FlowForm;910;;
SIXNINE WHEELS;SIXNINE FF-THREE 8.5x20 ET28 5x112 GlossyBlack;FF-THREE;SNFFTHREE2085ET285112-GlossyBlack;;549,99;;20”;8.5”;5x112;28;GlossyBlack;66.6;99;;https://sixnine-wheels.com/cdn/shop/files/FF-THREE_2085_GlossyBlack_Hero.webp?width=2500;;;;;;;;;;;FlowForm;650;;
SIXNINE WHEELS;SIXNINE FF-THREE 8.5x20 ET28 5x112 HyperSilver;FF-THREE;SNFFTHREE2085ET285112-HyperSilver;;549,99;;20”;8.5”;5x112;28;HyperSilver;66.6;99;;https://sixnine-wheels.com/cdn/shop/files/FF-THREE_2085_HyperSilver_Hero.webp?width=2500;;;;;;;;;;;FlowForm;650;;
SIXNINE WHEELS;SIXNINE FF-THREE 8.5x20 ET28 5x112 PureBronze;FF-THREE;SNFFTHREE2085ET285112-PureBronze;;549,99;;20”;8.5”;5x112;28;PureBronze;66.6;99;;https://sixnine-wheels.com/cdn/shop/files/FF-THREE_2085_PureBronze_Hero.webp?width=2500;;;;;;;;;;;FlowForm;650;;
SIXNINE WHEELS;SIXNINE FF-THREE 8.5x20 ET28 5x112 LiquidMetal;FF-THREE;SNFFTHREE2085ET285112-LiquidMetal;;674,99;;20”;8.5”;5x112;28;LiquidMetal;66.6;99;;https://sixnine-wheels.com/cdn/shop/files/FF-THREE_2085_HyperShine_Hero.webp?width=2500;;;;;;;;;;;FlowForm;650;;
SIXNINE WHEELS;SIXNINE FF-THREE 8.5x20 ET45 5x112 GlossyBlack;FF-THREE;SNFFTHREE2085ET455112-GlossyBlack;;549,99;;20”;8.5”;5x112;45;GlossyBlack;66.6;99;;https://sixnine-wheels.com/cdn/shop/files/FF-THREE_2085_GlossyBlack_Hero.webp?width=2500;;;;;;;;;;;FlowForm;650;;
SIXNINE WHEELS;SIXNINE FF-THREE 8.5x20 ET45 5x112 HyperSilver;FF-THREE;SNFFTHREE2085ET455112-HyperSilver;;549,99;;20”;8.5”;5x112;45;HyperSilver;66.6;99;;https://sixnine-wheels.com/cdn/shop/files/FF-THREE_2085_HyperSilver_Hero.webp?width=2500;;;;;;;;;;;FlowForm;650;;
SIXNINE WHEELS;SIXNINE FF-THREE 8.5x20 ET45 5x112 PureBronze;FF-THREE;SNFFTHREE2085ET455112-PureBronze;;549,99;;20”;8.5”;5x112;45;PureBronze;66.6;99;;https://sixnine-wheels.com/cdn/shop/files/FF-THREE_2085_PureBronze_Hero.webp?width=2500;;;;;;;;;;;FlowForm;650;;
SIXNINE WHEELS;SIXNINE FF-THREE 8.5x20 ET45 5x112 LiquidMetal;FF-THREE;SNFFTHREE2085ET455112-LiquidMetal;;674,99;;20”;8.5”;5x112;45;LiquidMetal;66.6;99;;https://sixnine-wheels.com/cdn/shop/files/FF-THREE_2085_HyperShine_Hero.webp?width=2500;;;;;;;;;;;FlowForm;650;;
SIXNINE WHEELS;SIXNINE FF-THREE 9x20 ET28 5x112 GlossyBlack;FF-THREE;SNFFTHREE209ET285112-GlossyBlack;;569,99;;20”;9”;5x112;28;GlossyBlack;66.6;99;;https://sixnine-wheels.com/cdn/shop/files/FF-THREE_2090_GlossyBlack_Hero.webp?width=2500;;;;;;;;;;;FlowForm;865;;
SIXNINE WHEELS;SIXNINE FF-THREE 9x20 ET28 5x112 HyperSilver;FF-THREE;SNFFTHREE209ET285112-HyperSilver;;569,99;;20”;9”;5x112;28;HyperSilver;66.6;99;;https://sixnine-wheels.com/cdn/shop/files/FF-THREE_2090_HyperSilver_Hero.webp?width=2500;;;;;;;;;;;FlowForm;865;;
SIXNINE WHEELS;SIXNINE FF-THREE 9x20 ET28 5x112 PureBronze;FF-THREE;SNFFTHREE209ET285112-PureBronze;;569,99;;20”;9”;5x112;28;PureBronze;66.6;99;;https://sixnine-wheels.com/cdn/shop/files/FF-THREE_2090_PureBronze_Hero.webp?width=2500;;;;;;;;;;;FlowForm;865;;
SIXNINE WHEELS;SIXNINE FF-THREE 9x20 ET28 5x112 LiquidMetal;FF-THREE;SNFFTHREE209ET285112-LiquidMetal;;694,99;;20”;9”;5x112;28;LiquidMetal;66.6;99;;https://sixnine-wheels.com/cdn/shop/files/FF-THREE_2090_HyperShine_Hero.webp?width=2500;;;;;;;;;;;FlowForm;865;;
SIXNINE WHEELS;SIXNINE FF-THREE 9x20 ET30 5x114,3 GlossyBlack;FF-THREE;SNFFTHREE209ET3051143-GlossyBlack;;569,99;;20”;9”;5x114.3;30;GlossyBlack;73.1;99;;https://sixnine-wheels.com/cdn/shop/files/FF-THREE_2090_GlossyBlack_Hero.webp?width=2500;;;;;;;;;;;FlowForm;865;;
SIXNINE WHEELS;SIXNINE FF-THREE 9x20 ET30 5x114,3 HyperSilver;FF-THREE;SNFFTHREE209ET3051143-HyperSilver;;569,99;;20”;9”;5x114.3;30;HyperSilver;73.1;99;;https://sixnine-wheels.com/cdn/shop/files/FF-THREE_2090_HyperSilver_Hero.webp?width=2500;;;;;;;;;;;FlowForm;865;;
SIXNINE WHEELS;SIXNINE FF-THREE 9x20 ET30 5x114,3 PureBronze;FF-THREE;SNFFTHREE209ET3051143-PureBronze;;569,99;;20”;9”;5x114.3;30;PureBronze;73.1;99;;https://sixnine-wheels.com/cdn/shop/files/FF-THREE_2090_PureBronze_Hero.webp?width=2500;;;;;;;;;;;FlowForm;865;;
SIXNINE WHEELS;SIXNINE FF-THREE 9x20 ET30 5x114,3 LiquidMetal;FF-THREE;SNFFTHREE209ET3051143-LiquidMetal;;694,99;;20”;9”;5x114.3;30;LiquidMetal;73.1;99;;https://sixnine-wheels.com/cdn/shop/files/FF-THREE_2090_HyperShine_Hero.webp?width=2500;;;;;;;;;;;FlowForm;865;;
SIXNINE WHEELS;SIXNINE FF-THREE 9x20 ET32 5x120 GlossyBlack;FF-THREE;SNFFTHREE209ET325120-GlossyBlack;;569,99;;20”;9”;5x120;32;GlossyBlack;72.6;99;;https://sixnine-wheels.com/cdn/shop/files/FF-THREE_2090_GlossyBlack_Hero.webp?width=2500;;;;;;;;;;;FlowForm;865;;
SIXNINE WHEELS;SIXNINE FF-THREE 9x20 ET32 5x120 HyperSilver;FF-THREE;SNFFTHREE209ET325120-HyperSilver;;569,99;;20”;9”;5x120;32;HyperSilver;72.6;99;;https://sixnine-wheels.com/cdn/shop/files/FF-THREE_2090_HyperSilver_Hero.webp?width=2500;;;;;;;;;;;FlowForm;865;;
SIXNINE WHEELS;SIXNINE FF-THREE 9x20 ET32 5x120 PureBronze;FF-THREE;SNFFTHREE209ET325120-PureBronze;;569,99;;20”;9”;5x120;32;PureBronze;72.6;99;;https://sixnine-wheels.com/cdn/shop/files/FF-THREE_2090_PureBronze_Hero.webp?width=2500;;;;;;;;;;;FlowForm;865;;
SIXNINE WHEELS;SIXNINE FF-THREE 9x20 ET32 5x120 LiquidMetal;FF-THREE;SNFFTHREE209ET325120-LiquidMetal;;694,99;;20”;9”;5x120;32;LiquidMetal;72.6;99;;https://sixnine-wheels.com/cdn/shop/files/FF-THREE_2090_HyperShine_Hero.webp?width=2500;;;;;;;;;;;FlowForm;865;;
SIXNINE WHEELS;SIXNINE FF-THREE 9x20 ET42 5x120 GlossyBlack;FF-THREE;SNFFTHREE209ET425120-GlossyBlack;;569,99;;20”;9”;5x120;42;GlossyBlack;72.6;99;;https://sixnine-wheels.com/cdn/shop/files/FF-THREE_2090_GlossyBlack_Hero.webp?width=2500;;;;;;;;;;;FlowForm;865;;
SIXNINE WHEELS;SIXNINE FF-THREE 9x20 ET42 5x120 HyperSilver;FF-THREE;SNFFTHREE209ET425120-HyperSilver;;569,99;;20”;9”;5x120;42;HyperSilver;72.6;99;;https://sixnine-wheels.com/cdn/shop/files/FF-THREE_2090_HyperSilver_Hero.webp?width=2500;;;;;;;;;;;FlowForm;865;;
SIXNINE WHEELS;SIXNINE FF-THREE 9x20 ET42 5x120 PureBronze;FF-THREE;SNFFTHREE209ET425120-PureBronze;;569,99;;20”;9”;5x120;42;PureBronze;72.6;99;;https://sixnine-wheels.com/cdn/shop/files/FF-THREE_2090_PureBronze_Hero.webp?width=2500;;;;;;;;;;;FlowForm;865;;
SIXNINE WHEELS;SIXNINE FF-THREE 9x20 ET42 5x120 LiquidMetal;FF-THREE;SNFFTHREE209ET425120-LiquidMetal;;694,99;;20”;9”;5x120;42;LiquidMetal;72.6;99;;https://sixnine-wheels.com/cdn/shop/files/FF-THREE_2090_HyperShine_Hero.webp?width=2500;;;;;;;;;;;FlowForm;865;;
SIXNINE WHEELS;SIXNINE FF-THREE 9.5x20 ET18 5x120 GlossyBlack;FF-THREE;SNFFTHREE2095ET185120-GlossyBlack;;599,99;;20”;9.5”;5x120;18;GlossyBlack;72.6;99;;https://sixnine-wheels.com/cdn/shop/files/FF-THREE_2095_GlossyBlack_Hero.webp?width=2500;;;;;;;;;;;FlowForm;650;;
SIXNINE WHEELS;SIXNINE FF-THREE 9.5x20 ET18 5x120 HyperSilver;FF-THREE;SNFFTHREE2095ET185120-HyperSilver;;599,99;;20”;9.5”;5x120;18;HyperSilver;72.6;99;;https://sixnine-wheels.com/cdn/shop/files/FF-THREE_2095_HyperSilver_Hero.webp?width=2500;;;;;;;;;;;FlowForm;650;;
SIXNINE WHEELS;SIXNINE FF-THREE 9.5x20 ET18 5x120 PureBronze;FF-THREE;SNFFTHREE2095ET185120-PureBronze;;599,99;;20”;9.5”;5x120;18;PureBronze;72.6;99;;https://sixnine-wheels.com/cdn/shop/files/FF-THREE_2095_PureBronze_Hero.webp?width=2500;;;;;;;;;;;FlowForm;650;;
SIXNINE WHEELS;SIXNINE FF-THREE 9.5x20 ET18 5x120 LiquidMetal;FF-THREE;SNFFTHREE2095ET185120-LiquidMetal;;724,99;;20”;9.5”;5x120;18;LiquidMetal;72.6;99;;https://sixnine-wheels.com/cdn/shop/files/FF-THREE_2095_HyperShine_Hero.webp?width=2500;;;;;;;;;;;FlowForm;650;;
SIXNINE WHEELS;SIXNINE FF-THREE 10x20 ET40 5x112 GlossyBlack;FF-THREE;SNFFTHREE2010ET405112-GlossyBlack;;629,99;;20”;10”;5x112;40;GlossyBlack;66.6;99;;https://sixnine-wheels.com/cdn/shop/files/FF-THREE_2010_GlossyBlack_Hero.webp?width=2500;;;;;;;;;;;FlowForm;800;;
SIXNINE WHEELS;SIXNINE FF-THREE 10x20 ET40 5x112 HyperSilver;FF-THREE;SNFFTHREE2010ET405112-HyperSilver;;629,99;;20”;10”;5x112;40;HyperSilver;66.6;99;;https://sixnine-wheels.com/cdn/shop/files/FF-THREE_2010_HyperSilver_Hero.webp?width=2500;;;;;;;;;;;FlowForm;800;;
SIXNINE WHEELS;SIXNINE FF-THREE 10x20 ET40 5x112 PureBronze;FF-THREE;SNFFTHREE2010ET405112-PureBronze;;629,99;;20”;10”;5x112;40;PureBronze;66.6;99;;https://sixnine-wheels.com/cdn/shop/files/FF-THREE_2010_PureBronze_Hero.webp?width=2500;;;;;;;;;;;FlowForm;800;;
SIXNINE WHEELS;SIXNINE FF-THREE 10x20 ET40 5x112 LiquidMetal;FF-THREE;SNFFTHREE2010ET405112-LiquidMetal;;754,99;;20”;10”;5x112;40;LiquidMetal;66.6;99;;https://sixnine-wheels.com/cdn/shop/files/FF-THREE_2010_HyperShine_Hero.webp?width=2500;;;;;;;;;;;FlowForm;800;;
SIXNINE WHEELS;SIXNINE FF-THREE 10x20 ET45 5x112 GlossyBlack;FF-THREE;SNFFTHREE2010ET455112-GlossyBlack;;629,99;;20”;10”;5x112;45;GlossyBlack;66.6;99;;https://sixnine-wheels.com/cdn/shop/files/FF-THREE_2010_GlossyBlack_Hero.webp?width=2500;;;;;;;;;;;FlowForm;865;;
SIXNINE WHEELS;SIXNINE FF-THREE 10x20 ET45 5x112 HyperSilver;FF-THREE;SNFFTHREE2010ET455112-HyperSilver;;629,99;;20”;10”;5x112;45;HyperSilver;66.6;99;;https://sixnine-wheels.com/cdn/shop/files/FF-THREE_2010_HyperSilver_Hero.webp?width=2500;;;;;;;;;;;FlowForm;865;;
SIXNINE WHEELS;SIXNINE FF-THREE 10x20 ET45 5x112 PureBronze;FF-THREE;SNFFTHREE2010ET455112-PureBronze;;629,99;;20”;10”;5x112;45;PureBronze;66.6;99;;https://sixnine-wheels.com/cdn/shop/files/FF-THREE_2010_PureBronze_Hero.webp?width=2500;;;;;;;;;;;FlowForm;865;;
SIXNINE WHEELS;SIXNINE FF-THREE 10x20 ET45 5x112 LiquidMetal;FF-THREE;SNFFTHREE2010ET455112-LiquidMetal;;754,99;;20”;10”;5x112;45;LiquidMetal;66.6;99;;https://sixnine-wheels.com/cdn/shop/files/FF-THREE_2010_HyperShine_Hero.webp?width=2500;;;;;;;;;;;FlowForm;865;;
SIXNINE WHEELS;SIXNINE FF-THREE 10x20 ET40 5x120 GlossyBlack;FF-THREE;SNFFTHREE2010ET405120-GlossyBlack;;629,99;;20”;10”;5x120;40;GlossyBlack;72.6;99;;https://sixnine-wheels.com/cdn/shop/files/FF-THREE_2010_GlossyBlack_Hero.webp?width=2500;;;;;;;;;;;FlowForm;800;;
SIXNINE WHEELS;SIXNINE FF-THREE 10x20 ET40 5x120 HyperSilver;FF-THREE;SNFFTHREE2010ET405120-HyperSilver;;629,99;;20”;10”;5x120;40;HyperSilver;72.6;99;;https://sixnine-wheels.com/cdn/shop/files/FF-THREE_2010_HyperSilver_Hero.webp?width=2500;;;;;;;;;;;FlowForm;800;;
SIXNINE WHEELS;SIXNINE FF-THREE 10x20 ET40 5x120 PureBronze;FF-THREE;SNFFTHREE2010ET405120-PureBronze;;629,99;;20”;10”;5x120;40;PureBronze;72.6;99;;https://sixnine-wheels.com/cdn/shop/files/FF-THREE_2010_PureBronze_Hero.webp?width=2500;;;;;;;;;;;FlowForm;800;;
SIXNINE WHEELS;SIXNINE FF-THREE 10x20 ET40 5x120 LiquidMetal;FF-THREE;SNFFTHREE2010ET405120-LiquidMetal;;754,99;;20”;10”;5x120;40;LiquidMetal;72.6;99;;https://sixnine-wheels.com/cdn/shop/files/FF-THREE_2010_HyperShine_Hero.webp?width=2500;;;;;;;;;;;FlowForm;800;;
SIXNINE WHEELS;SIXNINE FF-THREE 10.5x20 ET15 5x112 GlossyBlack;FF-THREE;SNFFTHREE20105ET155112-GlossyBlack;;669,99;;20”;10.5”;5x112;15;GlossyBlack;66.6;99;;https://sixnine-wheels.com/cdn/shop/files/FF-THREE_20105_GlossyBlack_Hero.webp?width=2500;;;;;;;;;;;FlowForm;650;;
SIXNINE WHEELS;SIXNINE FF-THREE 10.5x20 ET15 5x112 HyperSilver;FF-THREE;SNFFTHREE20105ET155112-HyperSilver;;669,99;;20”;10.5”;5x112;15;HyperSilver;66.6;99;;https://sixnine-wheels.com/cdn/shop/files/FF-THREE_20105_HyperSilver_Hero.webp?width=2500;;;;;;;;;;;FlowForm;650;;
SIXNINE WHEELS;SIXNINE FF-THREE 10.5x20 ET15 5x112 PureBronze;FF-THREE;SNFFTHREE20105ET155112-PureBronze;;669,99;;20”;10.5”;5x112;15;PureBronze;66.6;99;;https://sixnine-wheels.com/cdn/shop/files/FF-THREE_20105_PureBronze_Hero.webp?width=2500;;;;;;;;;;;FlowForm;650;;
SIXNINE WHEELS;SIXNINE FF-THREE 10.5x20 ET15 5x112 LiquidMetal;FF-THREE;SNFFTHREE20105ET155112-LiquidMetal;;794,99;;20”;10.5”;5x112;15;LiquidMetal;66.6;99;;https://sixnine-wheels.com/cdn/shop/files/FF-THREE_20105_HyperShine_Hero.webp?width=2500;;;;;;;;;;;FlowForm;650;;
SIXNINE WHEELS;SIXNINE FF-THREE 11x20 ET33 5x120 GlossyBlack;FF-THREE;SNFFTHREE2011ET335120-GlossyBlack;;689,99;;20”;11”;5x120;33;GlossyBlack;72.6;99;;https://sixnine-wheels.com/cdn/shop/files/FF-THREE_2011_GlossyBlack_Hero.webp?width=2500;;;;;;;;;;;FlowForm;650;;
SIXNINE WHEELS;SIXNINE FF-THREE 11x20 ET33 5x120 HyperSilver;FF-THREE;SNFFTHREE2011ET335120-HyperSilver;;689,99;;20”;11”;5x120;33;HyperSilver;72.6;99;;https://sixnine-wheels.com/cdn/shop/files/FF-THREE_2011_HyperSilver_Hero.webp?width=2500;;;;;;;;;;;FlowForm;650;;
SIXNINE WHEELS;SIXNINE FF-THREE 11x20 ET33 5x120 PureBronze;FF-THREE;SNFFTHREE2011ET335120-PureBronze;;689,99;;20”;11”;5x120;33;PureBronze;72.6;99;;https://sixnine-wheels.com/cdn/shop/files/FF-THREE_2011_PureBronze_Hero.webp?width=2500;;;;;;;;;;;FlowForm;650;;
SIXNINE WHEELS;SIXNINE FF-THREE 11x20 ET33 5x120 LiquidMetal;FF-THREE;SNFFTHREE2011ET335120-LiquidMetal;;814,99;;20”;11”;5x120;33;LiquidMetal;72.6;99;;https://sixnine-wheels.com/cdn/shop/files/FF-THREE_2011_HyperShine_Hero.webp?width=2500;;;;;;;;;;;FlowForm;650;;
SIXNINE WHEELS;SIXNINE FF-THREE 9x21 ET22 5x112 GlossyBlack;FF-THREE;SNFFTHREE219ET225112-GlossyBlack;;669,99;;21”;9”;5x112;22;GlossyBlack;66.6;99;;https://sixnine-wheels.com/cdn/shop/files/FF-THREE_2190_GlossyBlack_Hero.webp?width=2500;;;;;;;;;;;FlowForm;850;;
SIXNINE WHEELS;SIXNINE FF-THREE 9x21 ET22 5x112 HyperSilver;FF-THREE;SNFFTHREE219ET225112-HyperSilver;;669,99;;21”;9”;5x112;22;HyperSilver;66.6;99;;https://sixnine-wheels.com/cdn/shop/files/FF-THREE_2190_HyperSilver_Hero.webp?width=2500;;;;;;;;;;;FlowForm;850;;
SIXNINE WHEELS;SIXNINE FF-THREE 9x21 ET22 5x112 PureBronze;FF-THREE;SNFFTHREE219ET225112-PureBronze;;669,99;;21”;9”;5x112;22;PureBronze;66.6;99;;https://sixnine-wheels.com/cdn/shop/files/FF-THREE_2190_PureBronze_Hero.webp?width=2500;;;;;;;;;;;FlowForm;850;;
SIXNINE WHEELS;SIXNINE FF-THREE 9x21 ET22 5x112 LiquidMetal;FF-THREE;SNFFTHREE219ET225112-LiquidMetal;;794,99;;21”;9”;5x112;22;LiquidMetal;66.6;99;;https://sixnine-wheels.com/cdn/shop/files/FF-THREE_2190_HyperShine_Hero.webp?width=2500;;;;;;;;;;;FlowForm;850;;
SIXNINE WHEELS;SIXNINE FF-THREE 9x21 ET38 5x112 GlossyBlack;FF-THREE;SNFFTHREE219ET385112-GlossyBlack;;669,99;;21”;9”;5x112;38;GlossyBlack;66.6;99;;https://sixnine-wheels.com/cdn/shop/files/FF-THREE_2190_GlossyBlack_Hero.webp?width=2500;;;;;;;;;;;FlowForm;850;;
SIXNINE WHEELS;SIXNINE FF-THREE 9x21 ET38 5x112 HyperSilver;FF-THREE;SNFFTHREE219ET385112-HyperSilver;;669,99;;21”;9”;5x112;38;HyperSilver;66.6;99;;https://sixnine-wheels.com/cdn/shop/files/FF-THREE_2190_HyperSilver_Hero.webp?width=2500;;;;;;;;;;;FlowForm;850;;
SIXNINE WHEELS;SIXNINE FF-THREE 9x21 ET38 5x112 PureBronze;FF-THREE;SNFFTHREE219ET385112-PureBronze;;669,99;;21”;9”;5x112;38;PureBronze;66.6;99;;https://sixnine-wheels.com/cdn/shop/files/FF-THREE_2190_PureBronze_Hero.webp?width=2500;;;;;;;;;;;FlowForm;850;;
SIXNINE WHEELS;SIXNINE FF-THREE 9x21 ET38 5x112 LiquidMetal;FF-THREE;SNFFTHREE219ET385112-LiquidMetal;;794,99;;21”;9”;5x112;38;LiquidMetal;66.6;99;;https://sixnine-wheels.com/cdn/shop/files/FF-THREE_2190_HyperShine_Hero.webp?width=2500;;;;;;;;;;;FlowForm;850;;
SIXNINE WHEELS;SIXNINE FF-THREE 10x21 ET23 5x112 GlossyBlack;FF-THREE;SNFFTHREE2110ET235112-GlossyBlack;;699,99;;21”;10”;5x112;23;GlossyBlack;66.6;99;;https://sixnine-wheels.com/cdn/shop/files/FF-THREE_2110_GlossyBlack_Hero.webp?width=2500;;;;;;;;;;;FlowForm;850;;
SIXNINE WHEELS;SIXNINE FF-THREE 10x21 ET23 5x112 HyperSilver;FF-THREE;SNFFTHREE2110ET235112-HyperSilver;;699,99;;21”;10”;5x112;23;HyperSilver;66.6;99;;https://sixnine-wheels.com/cdn/shop/files/FF-THREE_2110_HyperSilver_Hero.webp?width=2500;;;;;;;;;;;FlowForm;850;;
SIXNINE WHEELS;SIXNINE FF-THREE 10x21 ET23 5x112 PureBronze;FF-THREE;SNFFTHREE2110ET235112-PureBronze;;699,99;;21”;10”;5x112;23;PureBronze;66.6;99;;https://sixnine-wheels.com/cdn/shop/files/FF-THREE_2110_PureBronze_Hero.webp?width=2500;;;;;;;;;;;FlowForm;850;;
SIXNINE WHEELS;SIXNINE FF-THREE 10x21 ET23 5x112 LiquidMetal;FF-THREE;SNFFTHREE2110ET235112-LiquidMetal;;824,99;;21”;10”;5x112;23;LiquidMetal;66.6;99;;https://sixnine-wheels.com/cdn/shop/files/FF-THREE_2110_HyperShine_Hero.webp?width=2500;;;;;;;;;;;FlowForm;850;;
SIXNINE WHEELS;SIXNINE FF-THREE 10x21 ET33 5x112 GlossyBlack;FF-THREE;SNFFTHREE2110ET335112-GlossyBlack;;699,99;;21”;10”;5x112;33;GlossyBlack;66.6;99;;https://sixnine-wheels.com/cdn/shop/files/FF-THREE_2110_GlossyBlack_Hero.webp?width=2500;;;;;;;;;;;FlowForm;850;;
SIXNINE WHEELS;SIXNINE FF-THREE 10x21 ET33 5x112 HyperSilver;FF-THREE;SNFFTHREE2110ET335112-HyperSilver;;699,99;;21”;10”;5x112;33;HyperSilver;66.6;99;;https://sixnine-wheels.com/cdn/shop/files/FF-THREE_2110_HyperSilver_Hero.webp?width=2500;;;;;;;;;;;FlowForm;850;;
SIXNINE WHEELS;SIXNINE FF-THREE 10x21 ET33 5x112 PureBronze;FF-THREE;SNFFTHREE2110ET335112-PureBronze;;699,99;;21”;10”;5x112;33;PureBronze;66.6;99;;https://sixnine-wheels.com/cdn/shop/files/FF-THREE_2110_PureBronze_Hero.webp?width=2500;;;;;;;;;;;FlowForm;850;;
SIXNINE WHEELS;SIXNINE FF-THREE 10x21 ET33 5x112 LiquidMetal;FF-THREE;SNFFTHREE2110ET335112-LiquidMetal;;824,99;;21”;10”;5x112;33;LiquidMetal;66.6;99;;https://sixnine-wheels.com/cdn/shop/files/FF-THREE_2110_HyperShine_Hero.webp?width=2500;;;;;;;;;;;FlowForm;850;;
SIXNINE WHEELS;SIXNINE FF-THREE 10x21 ET35 5x114,3 GlossyBlack;FF-THREE;SNFFTHREE2110ET3551143-GlossyBlack;;699,99;;21”;10”;5x114.3;35;GlossyBlack;73.1;99;;https://sixnine-wheels.com/cdn/shop/files/FF-THREE_2110_GlossyBlack_Hero.webp?width=2500;;;;;;;;;;;FlowForm;850;;
SIXNINE WHEELS;SIXNINE FF-THREE 10x21 ET35 5x114,3 HyperSilver;FF-THREE;SNFFTHREE2110ET3551143-HyperSilver;;699,99;;21”;10”;5x114.3;35;HyperSilver;73.1;99;;https://sixnine-wheels.com/cdn/shop/files/FF-THREE_2110_HyperSilver_Hero.webp?width=2500;;;;;;;;;;;FlowForm;850;;
SIXNINE WHEELS;SIXNINE FF-THREE 10x21 ET35 5x114,3 PureBronze;FF-THREE;SNFFTHREE2110ET3551143-PureBronze;;699,99;;21”;10”;5x114.3;35;PureBronze;73.1;99;;https://sixnine-wheels.com/cdn/shop/files/FF-THREE_2110_PureBronze_Hero.webp?width=2500;;;;;;;;;;;FlowForm;850;;
SIXNINE WHEELS;SIXNINE FF-THREE 10x21 ET35 5x114,3 LiquidMetal;FF-THREE;SNFFTHREE2110ET3551143-LiquidMetal;;824,99;;21”;10”;5x114.3;35;LiquidMetal;73.1;99;;https://sixnine-wheels.com/cdn/shop/files/FF-THREE_2110_HyperShine_Hero.webp?width=2500;;;;;;;;;;;FlowForm;850;;
SIXNINE WHEELS;SIXNINE FF-THREE 10.5x21 ET20 5x112 GlossyBlack;FF-THREE;SNFFTHREE21105ET205112-GlossyBlack;;749,99;;21”;10.5”;5x112;20;GlossyBlack;66.6;99;;https://sixnine-wheels.com/cdn/shop/files/FF-THREE_21105_GlossyBlack_Hero.webp?width=2500;;;;;;;;;;;FlowForm;850;;
SIXNINE WHEELS;SIXNINE FF-THREE 10.5x21 ET20 5x112 HyperSilver;FF-THREE;SNFFTHREE21105ET205112-HyperSilver;;749,99;;21”;10.5”;5x112;20;HyperSilver;66.6;99;;https://sixnine-wheels.com/cdn/shop/files/FF-THREE_21105_HyperSilver_Hero.webp?width=2500;;;;;;;;;;;FlowForm;850;;
SIXNINE WHEELS;SIXNINE FF-THREE 10.5x21 ET20 5x112 PureBronze;FF-THREE;SNFFTHREE21105ET205112-PureBronze;;749,99;;21”;10.5”;5x112;20;PureBronze;66.6;99;;https://sixnine-wheels.com/cdn/shop/files/FF-THREE_21105_PureBronze_Hero.webp?width=2500;;;;;;;;;;;FlowForm;850;;
SIXNINE WHEELS;SIXNINE FF-THREE 10.5x21 ET20 5x112 LiquidMetal;FF-THREE;SNFFTHREE21105ET205112-LiquidMetal;;874,99;;21”;10.5”;5x112;20;LiquidMetal;66.6;99;;https://sixnine-wheels.com/cdn/shop/files/FF-THREE_21105_HyperShine_Hero.webp?width=2500;;;;;;;;;;;FlowForm;850;;
SIXNINE WHEELS;SIXNINE FF-THREE 11.5x21 ET17 5x112 GlossyBlack;FF-THREE;SNFFTHREE21115ET175112-GlossyBlack;;829,99;;21”;11.5”;5x112;17;GlossyBlack;66.6;99;;https://sixnine-wheels.com/cdn/shop/files/FF-THREE_21115_GlossyBlack_Hero.webp?width=2500;;;;;;;;;;;FlowForm;650;;
SIXNINE WHEELS;SIXNINE FF-THREE 11.5x21 ET17 5x112 HyperSilver;FF-THREE;SNFFTHREE21115ET175112-HyperSilver;;829,99;;21”;11.5”;5x112;17;HyperSilver;66.6;99;;https://sixnine-wheels.com/cdn/shop/files/FF-THREE_21115_HyperSilver_Hero.webp?width=2500;;;;;;;;;;;FlowForm;650;;
SIXNINE WHEELS;SIXNINE FF-THREE 11.5x21 ET17 5x112 PureBronze;FF-THREE;SNFFTHREE21115ET175112-PureBronze;;829,99;;21”;11.5”;5x112;17;PureBronze;66.6;99;;https://sixnine-wheels.com/cdn/shop/files/FF-THREE_21115_PureBronze_Hero.webp?width=2500;;;;;;;;;;;FlowForm;650;;
SIXNINE WHEELS;SIXNINE FF-THREE 11.5x21 ET17 5x112 LiquidMetal;FF-THREE;SNFFTHREE21115ET175112-LiquidMetal;;954,99;;21”;11.5”;5x112;17;LiquidMetal;66.6;99;;https://sixnine-wheels.com/cdn/shop/files/FF-THREE_21115_HyperShine_Hero.webp?width=2500;;;;;;;;;;;FlowForm;650;;
SIXNINE WHEELS;SIXNINE FF-THREE 11x22 ET10 5x112 GlossyBlack;FF-THREE;SNFFTHREE2211ET105112-GlossyBlack;;949,99;;22”;11”;5x112;10;GlossyBlack;66.6;99;;https://sixnine-wheels.com/cdn/shop/files/FF-THREE_2211_GlossyBlack_Hero.webp?width=2500;;;;;;;;;;;FlowForm;910;;
SIXNINE WHEELS;SIXNINE FF-THREE 11x22 ET10 5x112 HyperSilver;FF-THREE;SNFFTHREE2211ET105112-HyperSilver;;949,99;;22”;11”;5x112;10;HyperSilver;66.6;99;;https://sixnine-wheels.com/cdn/shop/files/FF-THREE_2211_HyperSilver_Hero.webp?width=2500;;;;;;;;;;;FlowForm;910;;
SIXNINE WHEELS;SIXNINE FF-THREE 11x22 ET10 5x112 PureBronze;FF-THREE;SNFFTHREE2211ET105112-PureBronze;;949,99;;22”;11”;5x112;10;PureBronze;66.6;99;;https://sixnine-wheels.com/cdn/shop/files/FF-THREE_2211_PureBronze_Hero.webp?width=2500;;;;;;;;;;;FlowForm;910;;
SIXNINE WHEELS;SIXNINE FF-THREE 11x22 ET10 5x112 LiquidMetal;FF-THREE;SNFFTHREE2211ET105112-LiquidMetal;;1074,99;;22”;11”;5x112;10;LiquidMetal;66.6;99;;https://sixnine-wheels.com/cdn/shop/files/FF-THREE_2211_HyperShine_Hero.webp?width=2500;;;;;;;;;;;FlowForm;910;;
SIXNINE WHEELS;SIXNINE FF-THREE 11x22 ET20 5x132 GlossyBlack;FF-THREE;SNFFTHREE2211ET205132-GlossyBlack;;949,99;;22”;11”;5x132;20;GlossyBlack;66.6;99;;https://sixnine-wheels.com/cdn/shop/files/FF-THREE_2211B_GlossyBlack_Hero.webp;;;;;;;;;;;FlowForm;960;;
SIXNINE WHEELS;SIXNINE FF-THREE 11x22 ET20 5x132 HyperSilver;FF-THREE;SNFFTHREE2211ET205132-HyperSilver;;949,99;;22”;11”;5x132;20;HyperSilver;66.6;99;;https://sixnine-wheels.com/cdn/shop/files/FF-THREE_2211B_HyperSilver_Hero.webp;;;;;;;;;;;FlowForm;960;;
SIXNINE WHEELS;SIXNINE FF-THREE 11x22 ET20 5x132 PureBronze;FF-THREE;SNFFTHREE2211ET205132-PureBronze;;949,99;;22”;11”;5x132;20;PureBronze;66.6;99;;https://sixnine-wheels.com/cdn/shop/files/FF-THREE_2211B_PureBronze_Hero.webp;;;;;;;;;;;FlowForm;960;;
SIXNINE WHEELS;SIXNINE FF-THREE 11x22 ET20 5x132 LiquidMetal;FF-THREE;SNFFTHREE2211ET205132-LiquidMetal;;1074,99;;22”;11”;5x132;20;LiquidMetal;66.6;99;;https://sixnine-wheels.com/cdn/shop/files/FF-THREE_2211B_LiquidMetal_Hero.webp;;;;;;;;;;;FlowForm;960;;
SIXNINE WHEELS;SIXNINE FF-THREE 11,5x22 ET20 5x132 GlossyBlack;FF-THREE;SNFFTHREE22115ET205132-GlossyBlack;;989,99;;22”;11.5”;5x132;20;GlossyBlack;66.6;99;;https://sixnine-wheels.com/cdn/shop/files/FF-THREE_22115_GlossyBlack_Hero.webp;;;;;;;;;;;FlowForm;910;;
SIXNINE WHEELS;SIXNINE FF-THREE 11,5x22 ET20 5x132 HyperSilver;FF-THREE;SNFFTHREE22115ET205132-HyperSilver;;989,99;;22”;11.5”;5x132;20;HyperSilver;66.6;99;;https://sixnine-wheels.com/cdn/shop/files/FF-THREE_22115_HyperSilver_Hero.webp;;;;;;;;;;;FlowForm;910;;
SIXNINE WHEELS;SIXNINE FF-THREE 11,5x22 ET20 5x132 PureBronze;FF-THREE;SNFFTHREE22115ET205132-PureBronze;;989,99;;22”;11.5”;5x132;20;PureBronze;66.6;99;;https://sixnine-wheels.com/cdn/shop/files/FF-THREE_22115_PureBronze_Hero.webp;;;;;;;;;;;FlowForm;910;;
SIXNINE WHEELS;SIXNINE FF-THREE 11,5x22 ET20 5x132 LiquidMetal;FF-THREE;SNFFTHREE22115ET205132-LiquidMetal;;1174,99;;22”;11.5”;5x132;20;LiquidMetal;66.6;99;;https://sixnine-wheels.com/cdn/shop/files/FF-THREE_22115_LiquidMetal_Hero.webp;;;;;;;;;;;FlowForm;910;;
SIXNINE WHEELS;SIXNINE FF-THREE 11x22 ET27 5x112 GlossyBlack;FF-THREE;SNFFTHREE2211ET275112-GlossyBlack;;949,99;;22”;11”;5x112;27;GlossyBlack;66.6;99;;https://sixnine-wheels.com/cdn/shop/files/FF-THREE_2211B_GlossyBlack_Hero.webp;;;;;;;;;;;FlowForm;960;;
SIXNINE WHEELS;SIXNINE FF-THREE 11x22 ET27 5x112 HyperSilver;FF-THREE;SNFFTHREE2211ET275112-HyperSilver;;949,99;;22”;11”;5x112;27;HyperSilver;66.6;99;;https://sixnine-wheels.com/cdn/shop/files/FF-THREE_2211B_HyperSilver_Hero.webp;;;;;;;;;;;FlowForm;960;;
SIXNINE WHEELS;SIXNINE FF-THREE 11x22 ET27 5x112 PureBronze;FF-THREE;SNFFTHREE2211ET275112-PureBronze;;949,99;;22”;11”;5x112;27;PureBronze;66.6;99;;https://sixnine-wheels.com/cdn/shop/files/FF-THREE_2211B_PureBronze_Hero.webp;;;;;;;;;;;FlowForm;960;;
SIXNINE WHEELS;SIXNINE FF-THREE 11x22 ET27 5x112 LiquidMetal;FF-THREE;SNFFTHREE2211ET275112-LiquidMetal;;1074,99;;22”;11”;5x112;27;LiquidMetal;66.6;99;;https://sixnine-wheels.com/cdn/shop/files/FF-THREE_2211B_LiquidMetal_Hero.webp;;;;;;;;;;;FlowForm;960;;
SIXNINE WHEELS;SIXNINE FF-THREE 10x22 ET30 5x112 GlossyBlack;FF-THREE;SNFFTHREE2210ET305112-GlossyBlack;;919,99;;22”;10”;5x112;30;GlossyBlack;66.6;99;;https://sixnine-wheels.com/cdn/shop/files/FF-THREE_2210_GlossyBlack_Hero.webp;;;;;;;;;;;FlowForm;850;;
SIXNINE WHEELS;SIXNINE FF-THREE 10x22 ET30 5x112 HyperSilver;FF-THREE;SNFFTHREE2210ET305112-HyperSilver;;919,99;;22”;10”;5x112;30;HyperSilver;66.6;99;;https://sixnine-wheels.com/cdn/shop/files/FF-THREE_2210_HyperSilver_Hero.webp;;;;;;;;;;;FlowForm;850;;
SIXNINE WHEELS;SIXNINE FF-THREE 10x22 ET30 5x112 PureBronze;FF-THREE;SNFFTHREE2210ET305112-PureBronze;;919,99;;22”;10”;5x112;30;PureBronze;66.6;99;;https://sixnine-wheels.com/cdn/shop/files/FF-THREE_2210_PureBronze_Hero.webp;;;;;;;;;;;FlowForm;850;;
SIXNINE WHEELS;SIXNINE FF-THREE 10x22 ET30 5x112 LiquidMetal;FF-THREE;SNFFTHREE2210ET305112-LiquidMetal;;1044,99;;22”;10”;5x112;30;LiquidMetal;66.6;99;;https://sixnine-wheels.com/cdn/shop/files/FF-THREE_2210_LiquidMetal_Hero.webp;;;;;;;;;;;FlowForm;850;;
SIXNINE WHEELS;SIXNINE FF-TWO 10x21 ET35 5x112 GlossyBlack;FF-TWO;SNFFTWO2110ET355112-GlossyBlack;;649,99;;21”;10”;5x112;35;GlossyBlack;66.6;99;;https://sixnine-wheels.com/cdn/shop/files/TWO_Black_Hero.png?v=1728038746&width=713;;;;;;;;;;;FlowForm;725;;
SIXNINE WHEELS;SIXNINE FF-TWO 10x21 ET35 5x112 HyperSilver;FF-TWO;SNFFTWO2110ET355112-HyperSilver;;649,99;;21”;10”;5x112;35;HyperSilver;66.6;99;;https://sixnine-wheels.com/cdn/shop/files/TWO_Silver_Hero.png?v=1728038736&width=713;;;;;;;;;;;FlowForm;725;;
SIXNINE WHEELS;SIXNINE OEM+ONE 8.5x19 ET35 5x100 OEM-SILVER;OEM+ONE;SNOEMONE1985ET355100-OEM-SILVER;;499,99;;19”;8.5”;5x100;35;OEM-SILVER;57.1;99;;https://sixnine-wheels.com/cdn/shop/files/OEM_ONE_985_Silver_Hero.webp?v=1758876903&width=1346;;;;;;;;;;;FlowForm;600;;
SIXNINE WHEELS;SIXNINE OEM+ONE 8.5x19 ET40 5x112 OEM-SILVER;OEM+ONE;SNOEMONE1985ET405112-OEM-SILVER;;499,99;;19”;8.5”;5x112;40;OEM-SILVER;66.6;99;;https://sixnine-wheels.com/cdn/shop/files/OEM_ONE_985_Silver_Hero.webp?v=1758876903&width=1346;;;;;;;;;;;FlowForm;600;;
